{
  "trainLoss": {
    "steps": [
      0
    ],
    "timestamps": [
      "2020-06-25T06:54:35.815935"
    ],
    "values": [
      61.1611442565918
    ]
  }
}