{
  "trainLoss": {
    "steps": [
      0
    ],
    "timestamps": [
      "2020-06-29T02:41:49.539660"
    ],
    "values": [
      60.776248931884766
    ]
  }
}