{
  "trainLoss": {
    "steps": [
      0
    ],
    "timestamps": [
      "2020-06-25T06:58:27.730878"
    ],
    "values": [
      61.459983825683594
    ]
  }
}